<?xml version="1.0" encoding="UTF-8"?>
<libreria nombre=amazon></libreria>
    <libros>
        <libro>
            <Titulo>Introducción a XML</Titulo>
            <Autores>Juan Pérez</Autores>
            <Editorial>TechBooks</Editorial>
            <Precio>25.50 EUR</Precio>
            <ISBN>978-1234567890</ISBN>
            <Paginas>320</Paginas>
            <Fecha_publicacion>2023-05-15</Fecha_publicacion>
            <Idioma>Español</Idioma>
            <Formato>Tapa blanda</Formato>
            <Descripcion>Una guía completa sobre XML para principiantes.</Descripcion>
            <Categoria>Tecnología</Categoria>
            <pagina_web>http://www.amazon.com/intro-xml</pagina_web>
            <nivel>principiante</nivel>
        </libro>
        <libro>
            <Titulo>XML avanzado</Titulo>
            <Autores>Ana López</Autores>
            <Editorial>BooksTech</Editorial>
            <Precio>29.99 EUR</Precio>
            <ISBN>978-0987654321</ISBN>
            <Paginas>450</Paginas>
            <Fecha_publicacion>2022-11-01</Fecha_publicacion>
            <Idioma>Español</Idioma>
            <Formato>eBook</Formato>
            <Descripcion>Profundiza en el uso avanzado de XML.</Descripcion>
            <Categoria>Tecnología</Categoria>
            <pagina_web>http://www.casadellibro.com/xml-avanzado</pagina_web>
            <nivel>avanzado</nivel>
        </libro>
        <libro>
            <Titulo>XML en la web</Titulo>
            <Autores>María Gómez</Autores>
            <Editorial>WebBooks</Editorial>
            <Precio>19.95 EUR</Precio>
            <ISBN>978-5432167890</ISBN>
            <Paginas>280</Paginas>
            <Fecha_publicacion>2023-02-20</Fecha_publicacion>
            <Idioma>Español</Idioma>
            <Formato>Tapa blanda</Formato>
            <Descripcion>Descubre cómo integrar XML en páginas web.</Descripcion>
            <Categoria>Tecnología</Categoria>
            <pagina_web>http://www.webbooks.com/xml-web</pagina_web>
            <nivel>intermedio</nivel>
    </libros> 
</libreria>

<?xml version="1.0" encoding="UTF-8"?>
  <libreria nombre="Casa del Libro">
    <libro>
      <Titulo>XML avanzado</Titulo>
      <Autores>Ana López</Autores>
      <Editorial>BooksTech</Editorial>
      <Precio>29.99 EUR</Precio>
      <ISBN>978-0987654321</ISBN>
      <Paginas>450</Paginas>
      <Fecha_publicacion>2022-11-01</Fecha_publicacion>
      <Idioma>Español</Idioma>
      <Formato>eBook</Formato>
      <Descripcion>Profundiza en el uso avanzado de XML.</Descripcion>
      <Categoria>Tecnología</Categoria>
      <pagina_web>http://www.casadellibro.com/xml-avanzado</pagina_web>
      <nivel>avanzado</nivel>
    </libro>

    <libro>
      <Titulo>XML en la web</Titulo>
      <Autores>María Gómez</Autores>
      <Editorial>WebBooks</Editorial>
      <Precio>19.95 EUR</Precio>
      <ISBN>978-5432167890</ISBN>
      <Paginas>280</Paginas>
      <Fecha_publicacion>2023-02-20</Fecha_publicacion>
      <Idioma>Español</Idioma>
      <Formato>Tapa blanda</Formato>
      <Descripcion>Descubre cómo integrar XML en páginas web.</Descripcion>
      <Categoria>Tecnología</Categoria>
      <pagina_web>http://www.webbooks.com/xml-web</pagina_web>
      <nivel>intermedio</nivel>

      <libro>
        <Titulo>Introducción a XML</Titulo>
        <Autores>Juan Pérez</Autores>
        <Editorial>TechBooks</Editorial>
        <Precio>25.50 EUR</Precio>
        <ISBN>978-1234567890</ISBN>
        <Paginas>320</Paginas>
        <Fecha_publicacion>2023-05-15</Fecha_publicacion>
        <Idioma>Español</Idioma>
        <Formato>Tapa blanda</Formato>
        <Descripcion>Una guía completa sobre XML para principiantes.</Descripcion>
        <Categoria>Tecnología</Categoria>
        <pagina_web>http://www.amazon.com/intro-xml</pagina_web>
        <nivel>principiante</nivel>
    
  </libreria>

